-- phpMyAdmin SQL Dump
-- version 4.2.7
-- http://www.phpmyadmin.net
--
-- Servidor: localhost
-- Tiempo de generación: 06-08-2020 a las 14:35:57
-- Versión del servidor: 5.5.37-MariaDB
-- Versión de PHP: 5.6.30-pl2-gentoo

SET SQL_MODE = "NO_AUTO_VALUE_ON_ZERO";
SET time_zone = "+00:00";


/*!40101 SET @OLD_CHARACTER_SET_CLIENT=@@CHARACTER_SET_CLIENT */;
/*!40101 SET @OLD_CHARACTER_SET_RESULTS=@@CHARACTER_SET_RESULTS */;
/*!40101 SET @OLD_COLLATION_CONNECTION=@@COLLATION_CONNECTION */;
/*!40101 SET NAMES utf8 */;

--
-- Base de datos: `videoclub`
--

-- --------------------------------------------------------

--
-- Estructura de tabla para la tabla `ciudades`
--

CREATE TABLE IF NOT EXISTS `ciudades` (
  `Id_Ciudad` tinyint(4) NOT NULL,
  `Ciudad` varchar(20) NOT NULL,
  `Id_Provincia` tinyint(4) NOT NULL
) ENGINE=InnoDB DEFAULT CHARSET=utf8;

--
-- Volcado de datos para la tabla `ciudades`
--

INSERT INTO `ciudades` (`Id_Ciudad`, `Ciudad`, `Id_Provincia`) VALUES
(1, 'La Plata', 1),
(2, 'Tandil', 1),
(3, 'Ayacucho', 1),
(4, 'Alta Gracia', 2),
(5, 'Carlos Paz', 2);

-- --------------------------------------------------------

--
-- Estructura de tabla para la tabla `clientes`
--

CREATE TABLE IF NOT EXISTS `clientes` (
`idcliente` int(4) unsigned NOT NULL,
  `Nombre` varchar(100) DEFAULT NULL,
  `Apellido` varchar(100) DEFAULT NULL
) ENGINE=MyISAM  DEFAULT CHARSET=utf8 AUTO_INCREMENT=19 ;

--
-- Volcado de datos para la tabla `clientes`
--

INSERT INTO `clientes` (`idcliente`, `Nombre`, `Apellido`) VALUES
(1, 'Juancito', 'Perez'),
(2, 'Javier ', 'Gomez'),
(3, 'Pablo', 'Slucki'),
(4, 'Diego', 'Cencig'),
(6, 'testing', 'testing'),
(5, 'David', 'Gomez'),
(16, 'Andres', 'Valero'),
(18, 'Cristian', 'Guerrero'),
(17, 'Cesar', 'Mansilla');

-- --------------------------------------------------------

--
-- Estructura de tabla para la tabla `facturas`
--

CREATE TABLE IF NOT EXISTS `facturas` (
`idfactura` int(4) unsigned NOT NULL,
  `idcliente` int(4) unsigned NOT NULL,
  `idpelicula` int(4) unsigned NOT NULL,
  `fecha` timestamp NOT NULL DEFAULT CURRENT_TIMESTAMP ON UPDATE CURRENT_TIMESTAMP
) ENGINE=MyISAM  DEFAULT CHARSET=utf8 AUTO_INCREMENT=532 ;

--
-- Volcado de datos para la tabla `facturas`
--

INSERT INTO `facturas` (`idfactura`, `idcliente`, `idpelicula`, `fecha`) VALUES
(86, 1, 8, '2008-12-09 02:00:00'),
(2, 4, 2, '2009-02-25 18:03:52'),
(3, 2, 2, '2009-02-25 18:04:03'),
(4, 1, 1, '2017-06-08 03:00:00'),
(5, 3, 1, '2019-06-08 03:00:00'),
(6, 3, 1, '2019-06-08 03:00:00'),
(7, 4, 2, '2019-06-08 03:00:00'),
(20, 4, 2, '2015-09-08 03:00:00'),
(19, 4, 2, '2015-09-08 03:00:00'),
(18, 4, 2, '2015-09-08 03:00:00'),
(17, 4, 2, '2015-09-08 03:00:00'),
(16, 4, 6, '0000-00-00 00:00:00'),
(14, 4, 2, '0000-00-00 00:00:00'),
(21, 4, 2, '2015-09-08 03:00:00'),
(22, 3, 2, '2015-09-08 03:00:00'),
(23, 3, 2, '2015-09-08 03:00:00'),
(24, 3, 2, '2015-09-08 03:00:00'),
(85, 3, 5, '2008-12-09 02:00:00'),
(84, 3, 5, '2008-12-09 02:00:00'),
(83, 1, 2, '2008-12-09 02:00:00'),
(82, 1, 2, '2008-12-09 02:00:00'),
(81, 1, 2, '2008-12-09 02:00:00'),
(80, 2, 3, '2008-12-09 02:00:00'),
(78, 1, 1, '2008-12-09 02:00:00'),
(77, 1, 1, '2008-12-09 02:00:00'),
(76, 1, 1, '2008-12-09 02:00:00'),
(75, 1, 1, '2008-12-09 02:00:00'),
(74, 1, 1, '2008-12-09 02:00:00'),
(73, 1, 1, '2008-12-09 02:00:00'),
(72, 1, 1, '2008-12-09 02:00:00'),
(71, 1, 1, '2008-12-09 02:00:00'),
(70, 1, 1, '2008-12-09 02:00:00'),
(69, 1, 1, '2008-12-09 02:00:00'),
(68, 1, 1, '2008-12-09 02:00:00'),
(67, 1, 1, '2008-12-09 02:00:00'),
(66, 1, 1, '2008-12-09 02:00:00'),
(65, 1, 1, '2008-12-09 02:00:00'),
(64, 1, 1, '2008-12-09 02:00:00'),
(63, 1, 1, '2008-12-09 02:00:00'),
(62, 1, 1, '2008-12-09 02:00:00'),
(61, 1, 1, '2008-12-09 02:00:00'),
(60, 1, 1, '2008-12-09 02:00:00'),
(59, 1, 1, '2008-12-09 02:00:00'),
(58, 1, 1, '2008-12-09 02:00:00'),
(57, 2, 4, '0000-00-00 00:00:00'),
(87, 1, 8, '2008-12-09 02:00:00'),
(88, 1, 8, '2008-12-09 02:00:00'),
(89, 1, 4, '2008-12-09 02:00:00'),
(90, 2, 4, '2008-12-09 02:00:00'),
(91, 2, 4, '2008-12-11 02:00:00'),
(92, 4, 6, '2008-12-11 02:00:00'),
(93, 3, 8, '2008-12-11 02:00:00'),
(94, 4, 2, '2008-12-11 02:00:00'),
(95, 4, 1, '2008-12-11 02:00:00'),
(96, 2, 5, '2008-12-11 02:00:00'),
(423, 1, 5, '0000-00-00 00:00:00'),
(392, 6, 20, '2009-06-23 14:45:33'),
(393, 6, 20, '2009-06-23 14:45:33'),
(409, 6, 20, '2009-06-23 14:45:39'),
(375, 6, 20, '2009-06-23 14:45:25'),
(389, 6, 20, '2009-06-23 14:45:32'),
(388, 6, 20, '2009-06-23 14:45:31'),
(387, 6, 20, '2009-06-23 14:45:31'),
(383, 6, 20, '2009-06-23 14:45:30'),
(382, 6, 20, '2009-06-23 14:45:29'),
(395, 6, 20, '2009-06-23 14:45:34'),
(396, 6, 20, '2009-06-23 14:45:35'),
(408, 6, 20, '2009-06-23 14:45:39'),
(407, 6, 20, '2009-06-23 14:45:39'),
(406, 6, 20, '2009-06-23 14:45:38'),
(405, 6, 20, '2009-06-23 14:45:38'),
(404, 6, 20, '2009-06-23 14:45:37'),
(403, 6, 20, '2009-06-23 14:45:37'),
(402, 6, 20, '2009-06-23 14:45:37'),
(394, 6, 20, '2009-06-23 14:45:34'),
(401, 6, 20, '2009-06-23 14:45:36'),
(400, 6, 20, '2009-06-23 14:45:36'),
(399, 6, 20, '2009-06-23 14:45:36'),
(398, 6, 20, '2009-06-23 14:45:35'),
(378, 6, 20, '2009-06-23 14:45:27'),
(381, 6, 20, '2009-06-23 14:45:29'),
(380, 6, 20, '2009-06-23 14:45:28'),
(374, 6, 20, '2009-06-23 14:45:25'),
(379, 6, 20, '2009-06-23 14:45:28'),
(372, 6, 20, '2009-06-23 14:45:16'),
(377, 6, 20, '2009-06-23 14:45:27'),
(376, 6, 20, '2009-06-23 14:45:26'),
(129, 2, 3, '2009-01-05 13:31:04'),
(130, 3, 1, '2009-01-05 13:31:39'),
(131, 1, 4, '2009-01-05 16:07:27'),
(132, 4, 2, '2009-01-05 18:25:47'),
(133, 3, 5, '2009-01-05 18:26:58'),
(134, 3, 5, '2009-01-05 18:28:02'),
(135, 4, 2, '2009-01-06 02:00:00'),
(136, 4, 2, '2009-01-06 02:00:00'),
(137, 4, 9, '2009-01-06 02:00:00'),
(138, 4, 9, '2009-01-06 02:00:00'),
(139, 4, 9, '2009-01-06 02:00:00'),
(140, 4, 9, '2009-01-06 02:00:00'),
(141, 4, 9, '2009-01-06 02:00:00'),
(142, 4, 9, '2009-01-06 02:00:00'),
(143, 4, 9, '2009-01-06 02:00:00'),
(144, 1, 1, '2009-01-08 14:17:13'),
(145, 3, 6, '2009-01-08 14:19:41'),
(146, 4, 2, '2009-01-08 16:03:12'),
(147, 4, 9, '2009-01-08 16:03:19'),
(148, 4, 9, '2009-01-08 16:03:32'),
(149, 4, 4, '2009-01-08 16:03:55'),
(150, 4, 1, '2009-01-08 16:04:10'),
(151, 4, 4, '2009-01-08 16:04:16'),
(152, 4, 4, '2009-01-08 16:04:24'),
(153, 4, 4, '2009-01-08 16:04:54'),
(154, 4, 9, '2009-01-08 16:05:51'),
(155, 4, 9, '2009-01-08 16:05:54'),
(156, 4, 9, '2009-01-08 16:05:55'),
(157, 4, 9, '2009-01-08 16:05:56'),
(158, 4, 9, '2009-01-08 16:05:57'),
(159, 4, 9, '2009-01-08 16:12:33'),
(160, 4, 9, '2009-01-08 16:12:37'),
(161, 4, 9, '2009-01-08 16:12:42'),
(162, 4, 9, '2009-01-08 16:13:04'),
(163, 4, 9, '2009-01-08 16:13:06'),
(164, 4, 9, '2009-01-08 16:13:09'),
(165, 4, 9, '2009-01-08 16:13:11'),
(166, 4, 9, '2009-01-08 16:13:14'),
(167, 4, 9, '2009-01-08 16:13:16'),
(168, 4, 9, '2009-01-08 16:13:19'),
(169, 4, 9, '2009-01-08 16:13:22'),
(170, 4, 9, '2009-01-08 16:13:26'),
(171, 4, 9, '2009-01-08 16:13:28'),
(172, 4, 9, '2009-01-08 16:13:31'),
(173, 4, 9, '2009-01-08 16:13:34'),
(174, 4, 9, '2009-01-08 16:13:38'),
(175, 4, 9, '2009-01-08 16:14:21'),
(176, 4, 9, '2009-01-08 16:14:24'),
(177, 5, 8, '2009-01-19 15:14:45'),
(178, 5, 8, '2009-01-19 15:15:30'),
(179, 5, 8, '2009-01-19 15:15:49'),
(180, 5, 8, '2009-01-19 15:15:59'),
(181, 5, 8, '2009-01-19 15:23:45'),
(182, 3, 4, '2009-01-19 15:23:53'),
(183, 3, 4, '2009-01-19 15:24:10'),
(184, 3, 4, '2009-01-19 15:24:50'),
(185, 1, 3, '2009-01-19 15:32:01'),
(186, 5, 1, '2009-01-21 12:19:23'),
(187, 5, 1, '2009-01-21 12:28:13'),
(188, 5, 1, '2009-01-21 12:31:01'),
(189, 1, 5, '2009-01-21 12:48:19'),
(190, 17, 4, '2009-01-21 13:00:58'),
(191, 17, 2, '2009-01-21 13:01:28'),
(192, 17, 2, '2009-01-21 13:01:30'),
(193, 17, 2, '2009-01-21 13:01:30'),
(194, 17, 2, '2009-01-21 13:01:31'),
(195, 17, 2, '2009-01-21 13:01:31'),
(196, 17, 2, '2009-01-21 13:01:32'),
(197, 17, 2, '2009-01-21 13:01:32'),
(198, 17, 2, '2009-01-21 13:01:33'),
(199, 17, 2, '2009-01-21 13:01:33'),
(200, 17, 2, '2009-01-21 13:01:34'),
(201, 17, 6, '2009-01-21 13:01:39'),
(202, 17, 6, '2009-01-21 13:01:41'),
(203, 17, 6, '2009-01-21 13:01:41'),
(204, 17, 6, '2009-01-21 13:01:42'),
(205, 17, 6, '2009-01-21 13:01:42'),
(206, 17, 6, '2009-01-21 13:01:43'),
(207, 17, 6, '2009-01-21 13:01:43'),
(208, 17, 6, '2009-01-21 13:01:45'),
(209, 17, 2, '2009-01-21 13:02:42'),
(210, 17, 2, '2009-01-21 13:02:44'),
(211, 17, 2, '2009-01-21 13:02:45'),
(212, 17, 2, '2009-01-21 13:02:46'),
(213, 17, 2, '2009-01-21 13:02:46'),
(214, 17, 2, '2009-01-21 13:02:47'),
(215, 17, 2, '2009-01-21 13:02:47'),
(216, 17, 2, '2009-01-21 13:02:48'),
(217, 17, 2, '2009-01-21 13:02:48'),
(218, 17, 2, '2009-01-21 13:02:49'),
(219, 17, 2, '2009-01-21 13:02:49'),
(220, 17, 2, '2009-01-21 13:02:50'),
(221, 17, 2, '2009-01-21 13:02:50'),
(222, 17, 2, '2009-01-21 13:02:51'),
(223, 17, 2, '2009-01-21 13:02:51'),
(224, 17, 2, '2009-01-21 13:02:52'),
(225, 17, 2, '2009-01-21 13:02:52'),
(226, 17, 2, '2009-01-21 13:02:53'),
(227, 17, 2, '2009-01-21 13:02:53'),
(228, 17, 2, '2009-01-21 13:02:55'),
(229, 17, 4, '2009-01-21 13:03:30'),
(230, 17, 4, '2009-01-21 13:03:31'),
(231, 17, 4, '2009-01-21 13:03:32'),
(232, 17, 4, '2009-01-21 13:03:32'),
(233, 17, 4, '2009-01-21 13:03:33'),
(234, 17, 4, '2009-01-21 13:03:34'),
(235, 17, 4, '2009-01-21 13:03:34'),
(236, 17, 4, '2009-01-21 13:03:35'),
(237, 17, 4, '2009-01-21 13:03:35'),
(238, 17, 4, '2009-01-21 13:03:36'),
(239, 17, 4, '2009-01-21 13:03:36'),
(240, 17, 4, '2009-01-21 13:03:37'),
(241, 17, 4, '2009-01-21 13:03:37'),
(242, 17, 4, '2009-01-21 13:03:37'),
(243, 17, 4, '2009-01-21 13:03:38'),
(244, 17, 4, '2009-01-21 13:03:38'),
(245, 17, 4, '2009-01-21 13:03:39'),
(246, 17, 4, '2009-01-21 13:03:39'),
(247, 17, 4, '2009-01-21 13:03:40'),
(248, 17, 4, '2009-01-21 13:03:40'),
(249, 17, 4, '2009-01-21 13:03:41'),
(250, 17, 4, '2009-01-21 13:03:41'),
(251, 17, 4, '2009-01-21 13:03:41'),
(252, 17, 4, '2009-01-21 13:03:42'),
(253, 17, 4, '2009-01-21 13:03:43'),
(254, 17, 4, '2009-01-21 13:03:43'),
(255, 17, 4, '2009-01-21 13:03:45'),
(256, 17, 4, '2009-01-21 13:03:46'),
(257, 16, 3, '2009-01-21 13:04:55'),
(258, 1, 1, '2009-01-30 20:28:49'),
(259, 1, 1, '2009-01-30 20:29:12'),
(260, 17, 2, '2009-01-30 20:29:49'),
(261, 17, 2, '2009-01-30 20:30:03'),
(262, 1, 1, '2009-01-30 20:32:40'),
(263, 3, 1, '2009-02-02 02:00:00'),
(264, 1, 1, '2009-02-02 02:00:00'),
(265, 1, 2, '2009-02-03 14:30:41'),
(266, 1, 1, '2009-02-03 14:30:41'),
(267, 1, 2, '2009-02-03 14:31:08'),
(268, 1, 8, '2009-02-03 02:00:00'),
(269, 1, 3, '2009-02-03 02:00:00'),
(270, 3, 4, '2009-02-03 02:00:00'),
(271, 16, 2, '2009-02-03 02:00:00'),
(390, 6, 20, '2009-06-23 14:45:32'),
(373, 6, 20, '2009-06-23 14:45:24'),
(386, 6, 20, '2009-06-23 14:45:31'),
(385, 6, 20, '2009-06-23 14:45:30'),
(384, 6, 20, '2009-06-23 14:45:30'),
(277, 1, 1, '2009-02-09 18:19:35'),
(278, 1, 5, '2009-02-09 18:19:44'),
(279, 4, 8, '2009-02-09 18:53:21'),
(280, 1, 1, '2009-02-09 21:14:04'),
(281, 5, 6, '0000-00-00 00:00:00'),
(282, 5, 6, '0000-00-00 00:00:00'),
(283, 16, 5, '0000-00-00 00:00:00'),
(284, 16, 5, '0000-00-00 00:00:00'),
(285, 16, 9, '0000-00-00 00:00:00'),
(286, 3, 6, '0000-00-00 00:00:00'),
(287, 5, 6, '0000-00-00 00:00:00'),
(288, 5, 6, '0000-00-00 00:00:00'),
(289, 1, 1, '0000-00-00 00:00:00'),
(290, 17, 5, '0000-00-00 00:00:00'),
(291, 2, 2, '0000-00-00 00:00:00'),
(292, 1, 4, '0000-00-00 00:00:00'),
(293, 1, 4, '0000-00-00 00:00:00'),
(294, 1, 4, '0000-00-00 00:00:00'),
(295, 5, 9, '0000-00-00 00:00:00'),
(296, 5, 9, '0000-00-00 00:00:00'),
(297, 5, 9, '0000-00-00 00:00:00'),
(298, 5, 9, '0000-00-00 00:00:00'),
(299, 5, 9, '0000-00-00 00:00:00'),
(300, 5, 9, '0000-00-00 00:00:00'),
(301, 1, 9, '0000-00-00 00:00:00'),
(302, 1, 9, '0000-00-00 00:00:00'),
(303, 1, 9, '0000-00-00 00:00:00'),
(304, 3, 3, '0000-00-00 00:00:00'),
(305, 1, 9, '0000-00-00 00:00:00'),
(306, 1, 9, '0000-00-00 00:00:00'),
(307, 1, 9, '0000-00-00 00:00:00'),
(308, 1, 9, '0000-00-00 00:00:00'),
(309, 1, 10, '0000-00-00 00:00:00'),
(310, 2, 5, '0000-00-00 00:00:00'),
(311, 2, 5, '0000-00-00 00:00:00'),
(312, 2, 5, '0000-00-00 00:00:00'),
(313, 2, 5, '0000-00-00 00:00:00'),
(314, 2, 1, '0000-00-00 00:00:00'),
(315, 2, 1, '0000-00-00 00:00:00'),
(316, 2, 1, '0000-00-00 00:00:00'),
(317, 17, 5, '0000-00-00 00:00:00'),
(318, 16, 2, '0000-00-00 00:00:00'),
(319, 16, 2, '0000-00-00 00:00:00'),
(320, 3, 4, '0000-00-00 00:00:00'),
(321, 17, 6, '0000-00-00 00:00:00'),
(322, 1, 10, '0000-00-00 00:00:00'),
(323, 1, 4, '0000-00-00 00:00:00'),
(324, 5, 10, '0000-00-00 00:00:00'),
(325, 5, 10, '0000-00-00 00:00:00'),
(326, 5, 10, '0000-00-00 00:00:00'),
(327, 4, 4, '0000-00-00 00:00:00'),
(328, 3, 6, '0000-00-00 00:00:00'),
(329, 3, 6, '0000-00-00 00:00:00'),
(330, 5, 3, '0000-00-00 00:00:00'),
(331, 4, 6, '0000-00-00 00:00:00'),
(332, 4, 3, '0000-00-00 00:00:00'),
(333, 1, 4, '0000-00-00 00:00:00'),
(334, 4, 8, '0000-00-00 00:00:00'),
(335, 1, 1, '0000-00-00 00:00:00'),
(336, 5, 1, '0000-00-00 00:00:00'),
(337, 16, 6, '0000-00-00 00:00:00'),
(338, 2, 6, '0000-00-00 00:00:00'),
(358, 2, 2, '0000-00-00 00:00:00'),
(340, 12, 11, '0000-00-00 00:00:00'),
(341, 0, 2, '0000-00-00 00:00:00'),
(342, 1, 2, '0000-00-00 00:00:00'),
(343, 1, 2, '0000-00-00 00:00:00'),
(344, 3, 3, '0000-00-00 00:00:00'),
(345, 2, 2, '0000-00-00 00:00:00'),
(346, 4, 4, '2009-05-27 12:40:59'),
(347, 17, 5, '0000-00-00 00:00:00'),
(348, 4, 4, '0000-00-00 00:00:00'),
(349, 2, 2, '0000-00-00 00:00:00'),
(366, 0, 1, '0000-00-00 00:00:00'),
(365, 2, 1, '0000-00-00 00:00:00'),
(364, 3, 2, '0000-00-00 00:00:00'),
(363, 0, 1, '0000-00-00 00:00:00'),
(397, 6, 20, '2009-06-23 14:45:35'),
(391, 6, 20, '2009-06-23 14:45:33'),
(360, 5, 6, '0000-00-00 00:00:00'),
(359, 3, 2, '0000-00-00 00:00:00'),
(367, 1, 1, '0000-00-00 00:00:00'),
(368, 4, 3, '0000-00-00 00:00:00'),
(369, 1, 1, '0000-00-00 00:00:00'),
(370, 1, 1, '0000-00-00 00:00:00'),
(371, 16, 2, '0000-00-00 00:00:00'),
(410, 6, 20, '2009-06-23 14:45:40'),
(411, 6, 20, '2009-06-23 14:49:31'),
(412, 1, 1, '0000-00-00 00:00:00'),
(413, 3, 6, '0000-00-00 00:00:00'),
(414, 4, 10, '0000-00-00 00:00:00'),
(415, 0, 0, '2009-11-18 20:00:00'),
(416, 0, 0, '2009-11-18 20:00:00'),
(417, 0, 0, '2009-11-18 20:00:00'),
(418, 0, 0, '2009-11-18 20:00:00'),
(419, 0, 0, '2009-11-18 20:00:00'),
(420, 4, 5, '2009-11-18 17:26:16'),
(421, 18, 8, '2010-03-01 17:23:27'),
(422, 18, 8, '2010-03-01 17:24:51'),
(424, 1, 5, '0000-00-00 00:00:00'),
(425, 1, 5, '0000-00-00 00:00:00'),
(426, 1, 5, '0000-00-00 00:00:00'),
(427, 1, 1, '2010-03-02 20:47:11'),
(428, 1, 1, '2010-03-02 20:47:48'),
(429, 16, 1, '2010-03-02 21:06:16'),
(430, 4, 20, '2010-03-02 21:09:26'),
(431, 16, 1, '2010-03-02 21:09:42'),
(432, 1, 10, '2010-03-02 21:10:41'),
(433, 18, 5, '2010-03-02 21:11:00'),
(434, 1, 1, '2010-08-17 19:03:44'),
(435, 1, 1, '2010-08-17 19:08:13'),
(436, 1, 1, '2010-08-17 19:08:40'),
(437, 1, 1, '2010-08-17 19:08:55'),
(438, 17, 6, '2010-08-17 19:09:51'),
(439, 4, 6, '2010-08-30 18:37:29'),
(440, 4, 6, '2010-08-30 18:37:39'),
(441, 4, 6, '2010-08-30 18:38:00'),
(442, 4, 6, '2010-08-30 18:43:12'),
(443, 4, 6, '2010-08-30 18:45:13'),
(444, 4, 6, '2010-08-30 18:45:23'),
(445, 4, 6, '2010-08-30 18:45:30'),
(446, 4, 6, '2010-08-30 18:45:34'),
(447, 4, 6, '2010-08-30 18:46:15'),
(448, 4, 6, '2010-08-30 18:46:42'),
(449, 4, 6, '2010-08-30 18:46:52'),
(450, 4, 6, '2010-08-30 18:47:08'),
(451, 4, 6, '2010-08-30 18:47:20'),
(452, 4, 6, '2010-08-30 18:49:29'),
(453, 4, 6, '2010-08-30 18:49:47'),
(454, 4, 6, '2010-08-30 18:50:39'),
(455, 4, 6, '2010-08-30 18:51:48'),
(456, 4, 6, '2010-08-30 18:52:02'),
(457, 4, 6, '2010-08-30 18:52:11'),
(458, 4, 6, '2010-08-30 18:52:21'),
(459, 4, 6, '2010-08-30 18:55:03'),
(460, 4, 6, '2010-08-30 18:55:44'),
(461, 4, 6, '2010-08-30 18:56:46'),
(462, 4, 6, '2010-08-30 18:57:12'),
(463, 4, 6, '2010-08-30 18:57:30'),
(464, 4, 6, '2010-08-30 18:57:52'),
(465, 4, 6, '2010-08-30 18:58:21'),
(466, 4, 6, '2010-08-30 18:59:17'),
(467, 4, 6, '2010-08-30 19:00:51'),
(468, 4, 6, '2010-08-30 19:01:19'),
(469, 4, 6, '2010-08-30 19:01:38'),
(470, 4, 6, '2010-08-30 19:01:46'),
(471, 4, 6, '2010-08-30 19:01:59'),
(472, 4, 6, '2010-08-30 19:02:40'),
(473, 4, 6, '2010-08-30 19:03:30'),
(474, 4, 6, '2010-08-30 19:06:47'),
(475, 4, 6, '2010-08-30 19:08:14'),
(476, 4, 6, '2010-08-30 19:08:51'),
(477, 4, 6, '2010-08-30 19:09:17'),
(478, 4, 6, '2010-08-30 19:10:05'),
(479, 4, 6, '2010-08-30 19:10:27'),
(480, 4, 6, '2010-08-30 19:11:04'),
(481, 4, 6, '2010-08-30 19:11:29'),
(482, 4, 6, '2010-08-30 19:12:12'),
(483, 4, 6, '2010-08-30 19:12:22'),
(484, 4, 6, '2010-08-30 19:12:40'),
(485, 4, 6, '2010-08-30 19:12:54'),
(486, 4, 6, '2010-08-30 19:13:16'),
(487, 4, 6, '2010-08-30 19:13:36'),
(488, 4, 6, '2010-08-30 19:15:10'),
(489, 2, 3, '2010-08-30 19:41:15'),
(490, 2, 3, '2010-08-30 19:45:24'),
(491, 17, 10, '2010-08-30 20:28:09'),
(492, 17, 10, '2010-08-30 20:31:05'),
(493, 17, 10, '2010-08-30 20:31:17'),
(494, 17, 10, '2010-08-30 20:31:25'),
(495, 3, 3, '2011-03-09 17:51:37'),
(496, 17, 3, '2011-03-09 18:02:05'),
(497, 16, 1, '2011-03-09 18:02:30'),
(498, 4, 10, '2011-03-09 18:40:38'),
(499, 16, 1, '2011-03-09 18:44:46'),
(500, 16, 1, '2011-03-09 18:44:47'),
(501, 16, 1, '2011-03-09 18:44:48'),
(502, 16, 1, '2011-03-09 18:44:48'),
(503, 16, 1, '2011-03-09 18:44:49'),
(504, 16, 10, '2011-03-09 18:45:10'),
(505, 16, 10, '2011-03-09 18:45:13'),
(506, 16, 10, '2011-03-09 18:45:15'),
(507, 4, 10, '2011-03-09 18:45:49'),
(508, 4, 10, '2011-03-09 18:45:53'),
(509, 18, 3, '2011-03-10 12:25:41'),
(510, 2, 1, '2011-11-28 18:49:58'),
(511, 4, 6, '2013-06-03 09:54:26'),
(512, 4, 6, '2013-06-03 09:54:43'),
(513, 4, 20, '2013-06-03 04:21:51'),
(514, 4, 1, '2013-11-06 17:11:29'),
(515, 4, 1, '2014-09-08 13:17:37'),
(516, 1, 1, '2018-01-10 16:28:24'),
(517, 1, 2, '2018-01-10 16:28:43'),
(518, 16, 2, '2018-01-10 16:29:00'),
(519, 2, 2, '2018-01-10 16:29:21'),
(520, 17, 10, '2018-01-10 16:29:48'),
(521, 17, 10, '2018-01-10 16:30:19'),
(522, 2, 5, '2018-01-10 16:30:49'),
(523, 3, 2, '2018-01-10 16:31:42'),
(524, 3, 2, '2018-01-10 16:31:54'),
(525, 3, 2, '2018-01-10 16:32:16'),
(526, 3, 2, '2018-01-10 16:32:59'),
(527, 3, 1, '2018-01-10 16:33:10'),
(528, 3, 1, '2018-01-10 16:33:44'),
(529, 1, 1, '2018-01-10 16:36:18'),
(530, 1, 1, '2018-01-10 16:36:22'),
(531, 2, 5, '2018-01-10 17:39:10');

-- --------------------------------------------------------

--
-- Estructura de tabla para la tabla `peliculas`
--

CREATE TABLE IF NOT EXISTS `peliculas` (
`id` int(4) unsigned NOT NULL,
  `titulo` varchar(100) DEFAULT NULL,
  `precio` float unsigned DEFAULT NULL
) ENGINE=MyISAM  DEFAULT CHARSET=utf8 AUTO_INCREMENT=21 ;

--
-- Volcado de datos para la tabla `peliculas`
--

INSERT INTO `peliculas` (`id`, `titulo`, `precio`) VALUES
(1, 'Dragon Ball Z', 7.5),
(2, 'Spiderman 3', 10.2),
(3, 'El Ultimo Boy Scout', 5),
(4, 'Duro de matar 4', 12.3),
(5, 'The Contract', 2.25),
(6, 'Zodiac', 10.15),
(20, 'Rápido y Furioso', 13),
(8, 'prueba', 10),
(10, 'Titanic', 100);

-- --------------------------------------------------------

--
-- Estructura de tabla para la tabla `provincias`
--

CREATE TABLE IF NOT EXISTS `provincias` (
  `Id_Provincia` tinyint(4) NOT NULL,
  `Provincia` varchar(20) NOT NULL
) ENGINE=MyISAM DEFAULT CHARSET=utf8;

--
-- Volcado de datos para la tabla `provincias`
--

INSERT INTO `provincias` (`Id_Provincia`, `Provincia`) VALUES
(1, 'Buenos Aires'),
(2, 'Cordoba'),
(3, 'Santa Fe');

--
-- Índices para tablas volcadas
--

--
-- Indices de la tabla `ciudades`
--
ALTER TABLE `ciudades`
 ADD PRIMARY KEY (`Id_Ciudad`);

--
-- Indices de la tabla `clientes`
--
ALTER TABLE `clientes`
 ADD PRIMARY KEY (`idcliente`), ADD KEY `idcliente` (`idcliente`);

--
-- Indices de la tabla `facturas`
--
ALTER TABLE `facturas`
 ADD PRIMARY KEY (`idfactura`), ADD KEY `idfactura` (`idfactura`);

--
-- Indices de la tabla `peliculas`
--
ALTER TABLE `peliculas`
 ADD PRIMARY KEY (`id`), ADD KEY `idpelicula` (`id`);

--
-- Indices de la tabla `provincias`
--
ALTER TABLE `provincias`
 ADD PRIMARY KEY (`Id_Provincia`);

--
-- AUTO_INCREMENT de las tablas volcadas
--

--
-- AUTO_INCREMENT de la tabla `clientes`
--
ALTER TABLE `clientes`
MODIFY `idcliente` int(4) unsigned NOT NULL AUTO_INCREMENT,AUTO_INCREMENT=19;
--
-- AUTO_INCREMENT de la tabla `facturas`
--
ALTER TABLE `facturas`
MODIFY `idfactura` int(4) unsigned NOT NULL AUTO_INCREMENT,AUTO_INCREMENT=532;
--
-- AUTO_INCREMENT de la tabla `peliculas`
--
ALTER TABLE `peliculas`
MODIFY `id` int(4) unsigned NOT NULL AUTO_INCREMENT,AUTO_INCREMENT=21;
/*!40101 SET CHARACTER_SET_CLIENT=@OLD_CHARACTER_SET_CLIENT */;
/*!40101 SET CHARACTER_SET_RESULTS=@OLD_CHARACTER_SET_RESULTS */;
/*!40101 SET COLLATION_CONNECTION=@OLD_COLLATION_CONNECTION */;
